,i,vehicle_id,manufacturer_id,zipcode,timestamp,latlon,dist,seconds,co2_grams,total_dist,total_seconds,total_co2_grams,timestamp_tripstart,avg_kmperhour,avg_co2perkm,trip_id
0,0,V38924682,V88337,14195,2021-08-19 07:21:42,"(52.461766, 13.2364254)",0.0,0.0,0.0,0.0,0.0,0.0,2021-08-19 07:21:42,0.0,0.0,1
1,1,V38924682,V88337,14195,2021-08-19 07:21:54,"(52.4607628, 13.2387575)",0.19,12.0,17.48,0.19,12.0,17.0,2021-08-19 07:21:42,57.0,89.47368421052632,1
2,2,V38924682,V88337,14195,2021-08-19 07:21:59,"(52.4604334, 13.2393669)",0.06,5.0,5.22,0.25,17.0,22.0,2021-08-19 07:21:42,52.94117647058823,88.0,1
3,3,V38924682,V88337,14195,2021-08-19 07:22:13,"(52.4592834, 13.2412835)",0.18,14.0,15.84,0.43,31.0,38.0,2021-08-19 07:21:42,49.93548387096773,88.37209302325581,1
4,4,V38924682,V88337,14195,2021-08-19 07:22:29,"(52.4583943, 13.2432964)",0.17,16.0,13.94,0.6,47.0,52.0,2021-08-19 07:21:42,45.95744680851064,86.66666666666667,1
5,5,V38924682,V88337,14195,2021-08-19 07:22:34,"(52.4582954, 13.2439006)",0.04,5.0,2.8,0.64,52.0,55.0,2021-08-19 07:21:42,44.30769230769231,85.9375,1
6,6,V38924682,V88337,14195,2021-08-19 07:22:37,"(52.458332, 13.2442783)",0.03,3.0,2.34,0.67,55.0,57.0,2021-08-19 07:21:42,43.85454545454546,85.07462686567163,1
7,7,V38924682,V88337,14169,2021-08-19 07:22:40,"(52.4583529, 13.2446388)",0.02,3.0,1.46,0.69,58.0,58.0,2021-08-19 07:21:42,42.82758620689655,84.05797101449276,1
8,8,V38924682,V88337,14169,2021-08-19 07:22:44,"(52.458379, 13.2449649)",0.02,4.0,1.44,0.71,62.0,59.0,2021-08-19 07:21:42,41.22580645161289,83.09859154929578,1
9,9,V38924682,V88337,14169,2021-08-19 07:22:47,"(52.4584, 13.2452052)",0.02,3.0,1.12,0.73,65.0,60.0,2021-08-19 07:21:42,40.430769230769236,82.19178082191782,1
10,10,V38924682,V88337,14169,2021-08-19 07:22:55,"(52.4584836, 13.2457803)",0.04,8.0,2.4,0.77,73.0,62.0,2021-08-19 07:21:42,37.97260273972603,80.51948051948052,1
11,11,V38924682,V88337,14169,2021-08-19 07:23:03,"(52.4584575, 13.2461751)",0.03,8.0,1.29,0.8,81.0,63.0,2021-08-19 07:21:42,35.55555555555555,78.75,1
12,12,V38924682,V88337,14169,2021-08-19 07:23:08,"(52.4584157, 13.2464326)",0.02,5.0,0.94,0.82,86.0,64.0,2021-08-19 07:21:42,34.325581395348834,78.04878048780488,1
13,13,V38924682,V88337,14169,2021-08-19 07:23:11,"(52.4584104, 13.2466386)",0.01,3.0,0.33,0.83,89.0,64.0,2021-08-19 07:21:42,33.573033707865164,77.10843373493977,1
14,14,V38924682,V88337,14169,2021-08-19 07:23:14,"(52.4584366, 13.2467674)",0.01,3.0,0.31,0.84,92.0,64.0,2021-08-19 07:21:42,32.869565217391305,76.19047619047619,1
15,15,V38924682,V88337,14169,2021-08-19 07:23:17,"(52.458379, 13.2468875)",0.01,3.0,0.32,0.85,95.0,64.0,2021-08-19 07:21:42,32.21052631578947,75.29411764705883,1
16,16,V38924682,V88337,14169,2021-08-19 07:23:21,"(52.4583581, 13.2470334)",0.01,4.0,0.28,0.86,99.0,64.0,2021-08-19 07:21:42,31.272727272727273,74.4186046511628,1
17,17,V38924682,V88337,14169,2021-08-19 07:23:24,"(52.4583477, 13.2471793)",0.01,3.0,0.27,0.87,102.0,64.0,2021-08-19 07:21:42,30.705882352941178,73.5632183908046,1
18,18,V38924682,V88337,14169,2021-08-19 07:23:27,"(52.458332, 13.2473596)",0.01,3.0,0.21,0.88,105.0,64.0,2021-08-19 07:21:42,30.17142857142857,72.72727272727273,1
19,19,V38924682,V88337,14169,2021-08-19 07:23:31,"(52.4583163, 13.2475398)",0.01,4.0,0.21,0.89,109.0,64.0,2021-08-19 07:21:42,29.394495412844037,71.91011235955057,1
20,20,V38924682,V88337,14169,2021-08-19 07:23:39,"(52.458264, 13.2478317)",0.02,8.0,0.4,0.91,117.0,64.0,2021-08-19 07:21:42,28.0,70.32967032967032,1
21,21,V38924682,V88337,14169,2021-08-19 07:24:01,"(52.4580862, 13.248484)",0.05,22.0,0.75,0.96,139.0,65.0,2021-08-19 07:21:42,24.86330935251798,67.70833333333334,1
22,22,V38924682,V88337,14169,2021-08-19 07:24:13,"(52.457964, 13.2489559)",0.03,12.0,0.33,0.99,151.0,65.0,2021-08-19 07:21:42,23.602649006622517,65.65656565656566,1
23,23,V38924682,V88337,14169,2021-08-19 07:24:17,"(52.457869, 13.2490841)",0.01,4.0,0.1,1.0,155.0,65.0,2021-08-19 07:21:42,23.225806451612904,65.0,1
24,24,V38924682,V88337,14169,2021-08-19 07:24:31,"(52.4579079, 13.2496736)",0.04,14.0,0.4,1.04,169.0,65.0,2021-08-19 07:21:42,22.153846153846153,62.5,1
25,25,V38924682,V88337,14169,2021-08-19 07:24:37,"(52.4579187, 13.2498096)",0.01,6.0,0.11,1.05,175.0,65.0,2021-08-19 07:21:42,21.6,61.904761904761905,1
26,26,V38924682,V88337,14169,2021-08-19 07:24:46,"(52.4578778, 13.2498489)",0.01,9.0,0.08,1.06,184.0,65.0,2021-08-19 07:21:42,20.73913043478261,61.32075471698113,1
27,27,V38924682,V88337,14169,2021-08-19 07:24:58,"(52.4578225, 13.2498861)",0.01,12.0,0.08,1.07,196.0,65.0,2021-08-19 07:21:42,19.653061224489797,60.747663551401864,1
28,28,V38924682,V88337,14169,2021-08-19 07:25:10,"(52.4577257, 13.2499252)",0.01,12.0,0.08,1.08,208.0,65.0,2021-08-19 07:21:42,18.692307692307693,60.18518518518518,1
29,29,V38924682,V88337,14169,2021-08-19 07:25:28,"(52.4576338, 13.2499497)",0.01,18.0,0.08,1.09,226.0,65.0,2021-08-19 07:21:42,17.36283185840708,59.63302752293578,1
30,30,V38924682,V88337,14169,2021-08-19 07:26:58,"(52.4571794, 13.2499949)",0.05,90.0,0.5,1.14,316.0,66.0,2021-08-19 07:21:42,12.987341772151899,57.89473684210527,1
31,31,V38924682,V88337,14169,2021-08-19 07:27:34,"(52.4569873, 13.2500144)",0.02,36.0,0.24,1.16,352.0,66.0,2021-08-19 07:21:42,11.863636363636363,56.896551724137936,1
32,32,V38924682,V88337,14169,2021-08-19 07:33:34,"(52.4561029, 13.2501033)",0.1,360.0,1.1,1.26,712.0,67.0,2021-08-19 07:21:42,6.370786516853933,53.17460317460318,1
33,33,V38924682,V88337,14169,2021-08-19 07:38:58,"(52.4552907, 13.2501815)",0.09,324.0,1.17,1.35,1036.0,68.0,2021-08-19 07:21:42,4.691119691119692,50.37037037037037,1
34,34,V38924682,V88337,14169,2021-08-19 07:40:10,"(52.4550954, 13.2501996)",0.02,72.0,0.24,1.37,1108.0,68.0,2021-08-19 07:21:42,4.451263537906137,49.63503649635036,1
35,35,V38924682,V88337,14169,2021-08-19 07:44:58,"(52.4544164, 13.250264)",0.08,288.0,0.88,1.45,1396.0,69.0,2021-08-19 07:21:42,3.7392550143266474,47.58620689655172,1
36,36,V38924682,V88337,14169,2021-08-19 07:47:22,"(52.4540389, 13.2503021)",0.04,144.0,0.44,1.49,1540.0,69.0,2021-08-19 07:21:42,3.4831168831168826,46.308724832214764,1
37,37,V38924682,V88337,14169,2021-08-19 07:49:10,"(52.4537632, 13.2503315)",0.03,108.0,0.33,1.52,1648.0,69.0,2021-08-19 07:21:42,3.3203883495145634,45.39473684210526,1
38,38,V38924682,V88337,14169,2021-08-19 07:49:46,"(52.4536529, 13.2503438)",0.01,36.0,0.11,1.53,1684.0,69.0,2021-08-19 07:21:42,3.2707838479809976,45.09803921568627,1
39,39,V38924682,V88337,14169,2021-08-19 07:50:22,"(52.4535856, 13.2503571)",0.01,36.0,0.08,1.54,1720.0,69.0,2021-08-19 07:21:42,3.223255813953488,44.8051948051948,1
40,40,V38924682,V88337,14169,2021-08-19 07:53:22,"(52.4531151, 13.2504114)",0.05,180.0,0.45,1.59,1900.0,69.0,2021-08-19 07:21:42,3.0126315789473685,43.39622641509434,1
41,41,V38924682,V88337,14169,2021-08-19 07:53:58,"(52.4530124, 13.2504233)",0.01,36.0,0.1,1.6,1936.0,69.0,2021-08-19 07:21:42,2.975206611570248,43.125,1
42,42,V38924682,V88337,14169,2021-08-19 08:00:34,"(52.4520206, 13.2505377)",0.11,396.0,1.21,1.71,2332.0,70.0,2021-08-19 07:21:42,2.6397941680960546,40.93567251461988,1
43,43,V38924682,V88337,14169,2021-08-19 08:02:58,"(52.4516954, 13.2505685)",0.04,144.0,0.36,1.75,2476.0,70.0,2021-08-19 07:21:42,2.544426494345719,40.0,1
44,44,V38924682,V88337,14169,2021-08-19 08:04:46,"(52.451467, 13.2506051)",0.03,108.0,0.3,1.78,2584.0,70.0,2021-08-19 07:21:42,2.479876160990712,39.325842696629216,1
45,45,V38924682,V88337,14169,2021-08-19 08:06:34,"(52.4512275, 13.2506522)",0.03,108.0,0.33,1.81,2692.0,70.0,2021-08-19 07:21:42,2.420505200594354,38.67403314917127,1
46,46,V38924682,V88337,14169,2021-08-19 08:08:58,"(52.4508303, 13.2507663)",0.04,144.0,0.48,1.85,2836.0,70.0,2021-08-19 07:21:42,2.3483779971791257,37.83783783783784,1
47,47,V38924682,V88337,14163,2021-08-19 08:11:22,"(52.450487, 13.2508977)",0.04,144.0,0.52,1.89,2980.0,71.0,2021-08-19 07:21:42,2.283221476510067,37.56613756613757,1
48,48,V38924682,V88337,14169,2021-08-19 08:13:10,"(52.450232, 13.2510205)",0.03,108.0,0.33,1.92,3088.0,71.0,2021-08-19 07:21:42,2.2383419689119166,36.97916666666667,1
49,49,V38924682,V88337,14169,2021-08-19 08:13:46,"(52.4501863, 13.2510439)",0.01,36.0,0.1,1.93,3124.0,71.0,2021-08-19 07:21:42,2.224071702944942,36.78756476683938,1
50,50,V38924682,V88337,14163,2021-08-19 08:14:22,"(52.4500882, 13.2510942)",0.01,36.0,0.09,1.94,3160.0,71.0,2021-08-19 07:21:42,2.210126582278481,36.597938144329895,1
51,51,V38924682,V88337,14169,2021-08-19 08:14:22,"(52.4500458, 13.2511165)",0.0,0.0,0.0,1.94,3160.0,71.0,2021-08-19 07:21:42,2.210126582278481,36.597938144329895,1
52,52,V38924682,V88337,14169,2021-08-19 08:14:23,"(52.4499611, 13.2511611)",0.01,1.0,1.29,1.95,3161.0,72.0,2021-08-19 07:21:42,2.220816197405884,36.92307692307693,1
53,53,V38924682,V88337,14169,2021-08-19 08:14:24,"(52.4500066, 13.2512926)",0.01,1.0,1.04,1.96,3162.0,73.0,2021-08-19 07:21:42,2.2314990512333965,37.244897959183675,1
54,54,V38924682,V88337,14169,2021-08-19 08:14:28,"(52.4501934, 13.2518323)",0.04,4.0,4.8,2.0,3166.0,78.0,2021-08-19 07:21:42,2.2741629816803535,39.0,1
55,55,V38924682,V88337,14169,2021-08-19 08:14:29,"(52.4502213, 13.2519122)",0.01,1.0,0.97,2.01,3167.0,79.0,2021-08-19 07:21:42,2.2848121250394695,39.30348258706468,1
56,56,V38924682,V88337,14169,2021-08-19 08:14:32,"(52.4503015, 13.2521694)",0.02,3.0,1.84,2.03,3170.0,81.0,2021-08-19 07:21:42,2.305362776025236,39.90147783251232,1
57,57,V38924682,V88337,14169,2021-08-19 08:14:34,"(52.4503539, 13.2523231)",0.01,2.0,0.85,2.04,3172.0,82.0,2021-08-19 07:21:42,2.3152585119798235,40.19607843137255,1
58,58,V38924682,V88337,14169,2021-08-19 08:14:43,"(52.450462, 13.2527067)",0.03,9.0,2.49,2.07,3181.0,84.0,2021-08-19 07:21:42,2.3426595410248345,40.57971014492754,1
59,59,V38924682,V88337,14169,2021-08-19 08:14:58,"(52.4506392, 13.2534228)",0.05,15.0,4.75,2.12,3196.0,89.0,2021-08-19 07:21:42,2.3879849812265332,41.9811320754717,1
60,60,V38924682,V88337,14169,2021-08-19 08:15:20,"(52.4507975, 13.2541356)",0.05,22.0,5.45,2.17,3218.0,94.0,2021-08-19 07:21:42,2.427594779366066,43.31797235023041,1
61,61,V38924682,V88337,14169,2021-08-19 08:15:25,"(52.450822, 13.2542652)",0.01,5.0,0.78,2.18,3223.0,95.0,2021-08-19 07:21:42,2.434998448650326,43.57798165137614,1
62,62,V38924682,V88337,14169,2021-08-19 08:16:01,"(52.4509796, 13.2550148)",0.05,36.0,3.3,2.23,3259.0,98.0,2021-08-19 07:21:42,2.4633323105247005,43.946188340807176,1
63,63,V38924682,V88337,14169,2021-08-19 08:16:37,"(52.4511361, 13.2559026)",0.06,36.0,4.44,2.29,3295.0,102.0,2021-08-19 07:21:42,2.5019726858877087,44.54148471615721,1
64,64,V38924682,V88337,14169,2021-08-19 08:17:07,"(52.45123, 13.2565759)",0.05,30.0,4.05,2.34,3325.0,106.0,2021-08-19 07:21:42,2.533533834586466,45.2991452991453,1
65,65,V38924682,V88337,14169,2021-08-19 08:17:28,"(52.4512986, 13.2571889)",0.04,21.0,3.24,2.38,3346.0,109.0,2021-08-19 07:21:42,2.5606694560669454,45.79831932773109,1
66,66,V38924682,V88337,14169,2021-08-19 08:17:52,"(52.4513602, 13.2578295)",0.04,24.0,3.44,2.42,3370.0,112.0,2021-08-19 07:21:42,2.5851632047477744,46.28099173553719,1
67,67,V38924682,V88337,14169,2021-08-19 08:18:16,"(52.4513975, 13.2583476)",0.04,24.0,3.04,2.46,3394.0,115.0,2021-08-19 07:21:42,2.609310548025928,46.7479674796748,1
68,68,V38924682,V88337,14169,2021-08-19 08:18:52,"(52.4514204, 13.2588612)",0.04,36.0,2.8,2.5,3430.0,118.0,2021-08-19 07:21:42,2.623906705539359,47.2,1
69,69,V38924682,V88337,14169,2021-08-19 08:19:28,"(52.4514417, 13.2593863)",0.04,36.0,2.08,2.54,3466.0,120.0,2021-08-19 07:21:42,2.6381996537795733,47.24409448818898,1
70,70,V38924682,V88337,14169,2021-08-19 08:20:16,"(52.451456, 13.2599045)",0.04,48.0,2.28,2.58,3514.0,122.0,2021-08-19 07:21:42,2.64314171883893,47.286821705426355,1
71,71,V38924682,V88337,14169,2021-08-19 08:21:16,"(52.4514637, 13.2606675)",0.05,60.0,2.25,2.63,3574.0,124.0,2021-08-19 07:21:42,2.649132624510352,47.148288973384034,1
72,72,V38924682,V88337,14169,2021-08-19 08:22:28,"(52.4514555, 13.2615811)",0.06,72.0,2.28,2.69,3646.0,126.0,2021-08-19 07:21:42,2.656061437191443,46.84014869888476,1
73,73,V38924682,V88337,14169,2021-08-19 08:23:04,"(52.4514404, 13.2619524)",0.03,36.0,0.9,2.72,3682.0,127.0,2021-08-19 07:21:42,2.65942422596415,46.69117647058823,1
74,74,V38924682,V88337,14169,2021-08-19 08:24:16,"(52.4514032, 13.2625859)",0.04,72.0,0.84,2.76,3754.0,128.0,2021-08-19 07:21:42,2.646776771443793,46.376811594202906,1
75,75,V38924682,V88337,14169,2021-08-19 08:25:28,"(52.451367, 13.2631283)",0.04,72.0,0.64,2.8,3826.0,129.0,2021-08-19 07:21:42,2.634605331939362,46.07142857142858,1
76,76,V38924682,V88337,14169,2021-08-19 08:30:52,"(52.4511877, 13.2658142)",0.18,324.0,3.06,2.98,4150.0,132.0,2021-08-19 07:21:42,2.585060240963855,44.29530201342282,1
77,77,V38924682,V88337,14169,2021-08-19 08:36:16,"(52.4510082, 13.2685029)",0.18,324.0,2.7,3.16,4474.0,135.0,2021-08-19 07:21:42,2.542691104157354,42.72151898734177,1
78,78,V38924682,V88337,14169,2021-08-19 08:37:28,"(52.450983, 13.2691228)",0.04,72.0,0.44,3.2,4546.0,135.0,2021-08-19 07:21:42,2.5340959084909813,42.1875,1
79,79,V38924682,V88337,14169,2021-08-19 08:38:22,"(52.450954, 13.26952)",0.03,54.0,0.27,3.23,4600.0,135.0,2021-08-19 07:21:42,2.5278260869565217,41.795665634674926,1
80,80,V38924682,V88337,14169,2021-08-19 08:39:16,"(52.4509203, 13.2698915)",0.03,54.0,0.24,3.26,4654.0,135.0,2021-08-19 07:21:42,2.5217017619252253,41.41104294478528,1
81,81,V38924682,V88337,14169,2021-08-19 08:40:10,"(52.4508867, 13.2702834)",0.03,54.0,0.21,3.29,4708.0,135.0,2021-08-19 07:21:42,2.51571792693288,41.03343465045592,1
82,82,V38924682,V88337,14169,2021-08-19 08:40:46,"(52.4508826, 13.2703729)",0.01,36.0,0.07,3.3,4744.0,135.0,2021-08-19 07:21:42,2.5042158516020234,40.909090909090914,1
83,83,V38924682,V88337,14169,2021-08-19 08:41:22,"(52.4508732, 13.2705661)",0.01,36.0,0.05,3.31,4780.0,135.0,2021-08-19 07:21:42,2.4928870292887026,40.78549848942598,1
84,84,V38924682,V88337,14195,2021-08-19 08:42:34,"(52.4508625, 13.2708092)",0.02,72.0,0.08,3.33,4852.0,135.0,2021-08-19 07:21:42,2.4707337180544107,40.54054054054054,1
85,85,V38924682,V88337,14195,2021-08-19 08:43:10,"(52.4508548, 13.270984)",0.01,36.0,0.04,3.34,4888.0,135.0,2021-08-19 07:21:42,2.4599018003273323,40.41916167664671,1
86,86,V38924682,V88337,14195,2021-08-19 08:45:34,"(52.4508145, 13.2715688)",0.04,144.0,0.16,3.38,5032.0,135.0,2021-08-19 07:21:42,2.418124006359301,39.94082840236687,1
87,87,V38924682,V88337,14195,2021-08-19 08:49:10,"(52.4507435, 13.272453)",0.06,216.0,0.3,3.44,5248.0,135.0,2021-08-19 07:21:42,2.3597560975609753,39.24418604651163,1
88,88,V38924682,V88337,14195,2021-08-19 08:50:22,"(52.4507215, 13.2727269)",0.02,72.0,0.1,3.46,5320.0,135.0,2021-08-19 07:21:42,2.3413533834586464,39.017341040462426,1
89,89,V38924682,V88337,14195,2021-08-19 08:54:34,"(52.4506386, 13.273819)",0.07,252.0,0.35,3.53,5572.0,135.0,2021-08-19 07:21:42,2.280689160086145,38.243626062322946,1
90,90,V38924682,V88337,14195,2021-08-19 08:58:10,"(52.450573, 13.2747097)",0.06,216.0,0.24,3.59,5788.0,135.0,2021-08-19 07:21:42,2.232895646164478,37.60445682451254,1
91,91,V38924682,V88337,14195,2021-08-19 09:01:46,"(52.4505022, 13.275541)",0.06,216.0,0.24,3.65,6004.0,135.0,2021-08-19 07:21:42,2.188540972684877,36.986301369863014,1
92,92,V38924682,V88337,14195,2021-08-19 09:02:22,"(52.4504891, 13.275693)",0.01,36.0,0.03,3.66,6040.0,135.0,2021-08-19 07:21:42,2.181456953642384,36.885245901639344,1
93,93,V38924682,V88337,14195,2021-08-19 09:06:34,"(52.4504047, 13.2767021)",0.07,252.0,0.21,3.73,6292.0,135.0,2021-08-19 07:21:42,2.1341385886840434,36.193029490616624,1
94,94,V38924682,V88337,14195,2021-08-19 09:09:34,"(52.4503428, 13.2775031)",0.05,180.0,0.2,3.78,6472.0,135.0,2021-08-19 07:21:42,2.102595797280593,35.714285714285715,1
95,95,V38924682,V88337,14195,2021-08-19 09:10:46,"(52.4503165, 13.2777831)",0.02,72.0,0.08,3.8,6544.0,135.0,2021-08-19 07:21:42,2.0904645476772616,35.526315789473685,1
96,96,V38924682,V88337,14195,2021-08-19 09:12:34,"(52.4502507, 13.2781586)",0.03,108.0,0.15,3.83,6652.0,135.0,2021-08-19 07:21:42,2.0727600721587494,35.24804177545692,1
97,97,V38924682,V88337,14195,2021-08-19 09:14:22,"(52.4501443, 13.2786245)",0.03,108.0,0.15,3.86,6760.0,135.0,2021-08-19 07:21:42,2.055621301775148,34.97409326424871,1
98,98,V38924682,V88337,14195,2021-08-19 09:14:23,"(52.4501292, 13.2786904)",0.0,1.0,0.0,3.86,6761.0,135.0,2021-08-19 07:21:42,2.0553172607602423,34.97409326424871,1
99,99,V38924682,V88337,14195,2021-08-19 09:14:24,"(52.4500939, 13.2788452)",0.01,1.0,1.26,3.87,6762.0,136.0,2021-08-19 07:21:42,2.0603371783496005,35.14211886304909,1
100,100,V38924682,V88337,14195,2021-08-19 09:14:25,"(52.450073, 13.2789768)",0.01,1.0,1.13,3.88,6763.0,137.0,2021-08-19 07:21:42,2.065355611415052,35.30927835051546,1
101,101,V38924682,V88337,14195,2021-08-19 09:14:32,"(52.4500717, 13.2790215)",0.0,7.0,0.0,3.88,6770.0,137.0,2021-08-19 07:21:42,2.0632200886262924,35.30927835051546,1
102,102,V38924682,V88337,14195,2021-08-19 09:14:33,"(52.4500647, 13.2792563)",0.02,1.0,2.86,3.9,6771.0,140.0,2021-08-19 07:21:42,2.0735489587948606,35.8974358974359,1
103,103,V38924682,V88337,14195,2021-08-19 09:14:35,"(52.4500753, 13.279549)",0.02,2.0,2.6,3.92,6773.0,143.0,2021-08-19 07:21:42,2.0835671046803483,36.47959183673469,1
104,104,V38924682,V88337,14195,2021-08-19 09:14:37,"(52.4501088, 13.2797918)",0.02,2.0,2.88,3.94,6775.0,146.0,2021-08-19 07:21:42,2.093579335793358,37.055837563451774,1
105,105,V38924682,V88337,14195,2021-08-19 09:14:39,"(52.4501529, 13.2800122)",0.02,2.0,2.3,3.96,6777.0,148.0,2021-08-19 07:21:42,2.103585657370518,37.37373737373738,1
106,106,V38924682,V88337,14195,2021-08-19 09:14:40,"(52.4501986, 13.2801933)",0.01,1.0,0.85,3.97,6778.0,149.0,2021-08-19 07:21:42,2.108586603717911,37.531486146095716,1
107,107,V38924682,V88337,14195,2021-08-19 09:14:44,"(52.4502693, 13.2803929)",0.02,4.0,1.8,3.99,6782.0,151.0,2021-08-19 07:21:42,2.1179593040401063,37.84461152882205,1
108,108,V38924682,V88337,14195,2021-08-19 09:14:54,"(52.4505075, 13.2809237)",0.04,10.0,4.08,4.03,6792.0,155.0,2021-08-19 07:21:42,2.136042402826855,38.46153846153846,1
109,109,V38924682,V88337,14195,2021-08-19 09:15:02,"(52.45063, 13.2811947)",0.02,8.0,1.62,4.05,6800.0,157.0,2021-08-19 07:21:42,2.1441176470588235,38.76543209876544,1
110,110,V38924682,V88337,14195,2021-08-19 09:15:31,"(52.4510502, 13.2822078)",0.08,29.0,5.52,4.13,6829.0,163.0,2021-08-19 07:21:42,2.1771855322887688,39.46731234866828,1
111,111,V38924682,V88337,14195,2021-08-19 09:15:34,"(52.4510631, 13.2822389)",0.0,3.0,0.0,4.13,6832.0,163.0,2021-08-19 07:21:42,2.1762295081967213,39.46731234866828,1
112,112,V38924682,V88337,14195,2021-08-19 09:15:36,"(52.4512075, 13.2825754)",0.03,2.0,3.54,4.16,6834.0,167.0,2021-08-19 07:21:42,2.1913959613696226,40.14423076923077,1
113,113,V38924682,V88337,14195,2021-08-19 09:15:40,"(52.4512244, 13.2826129)",0.0,4.0,0.0,4.16,6838.0,167.0,2021-08-19 07:21:42,2.1901140684410647,40.14423076923077,1
114,114,V38924682,V88337,14195,2021-08-19 09:15:41,"(52.4512932, 13.2827659)",0.01,1.0,1.29,4.17,6839.0,168.0,2021-08-19 07:21:42,2.1950577569820147,40.28776978417266,1
115,115,V38924682,V88337,14195,2021-08-19 09:15:42,"(52.4513313, 13.2828524)",0.01,1.0,1.46,4.18,6840.0,169.0,2021-08-19 07:21:42,2.1999999999999997,40.43062200956938,1
116,116,V38924682,V88337,14195,2021-08-19 09:15:48,"(52.451758, 13.2837831)",0.08,6.0,11.2,4.26,6846.0,180.0,2021-08-19 07:21:42,2.240140227870289,42.25352112676057,1
117,117,V38924682,V88337,14195,2021-08-19 09:15:52,"(52.4520391, 13.2843964)",0.05,4.0,6.6,4.31,6850.0,187.0,2021-08-19 07:21:42,2.2651094890510945,43.38747099767982,1
118,118,V38924682,V88337,14195,2021-08-19 09:15:53,"(52.4521098, 13.2845507)",0.01,1.0,1.23,4.32,6851.0,188.0,2021-08-19 07:21:42,2.270033571741352,43.51851851851852,1
119,119,V38924682,V88337,14195,2021-08-19 09:15:58,"(52.4524273, 13.2851478)",0.05,5.0,5.4,4.37,6856.0,193.0,2021-08-19 07:21:42,2.2946324387397903,44.16475972540046,1
120,120,V38924682,V88337,14195,2021-08-19 09:16:04,"(52.4527191, 13.2856354)",0.05,6.0,5.8,4.42,6862.0,199.0,2021-08-19 07:21:42,2.318857475954532,45.022624434389144,1
121,121,V38924682,V88337,14195,2021-08-19 09:16:09,"(52.4529732, 13.2859493)",0.04,5.0,5.16,4.46,6867.0,204.0,2021-08-19 07:21:42,2.3381389252948885,45.73991031390135,1
122,122,V38924682,V88337,14195,2021-08-19 09:16:19,"(52.453, 13.2859823)",0.0,10.0,0.0,4.46,6877.0,204.0,2021-08-19 07:21:42,2.334738985022539,45.73991031390135,1
123,123,V38924682,V88337,14195,2021-08-19 09:16:20,"(52.4530452, 13.2860388)",0.01,1.0,1.35,4.47,6878.0,205.0,2021-08-19 07:21:42,2.339633614422797,45.86129753914989,1
124,124,V38924682,V88337,14195,2021-08-19 09:16:21,"(52.4529911, 13.2861032)",0.01,1.0,1.3,4.48,6879.0,206.0,2021-08-19 07:21:42,2.3445268207588312,45.982142857142854,1
125,125,V38924682,V88337,14195,2021-08-19 09:16:31,"(52.452964, 13.2861353)",0.0,10.0,0.0,4.48,6889.0,206.0,2021-08-19 07:21:42,2.3411235302656412,45.982142857142854,1
126,126,V38924682,V88337,14195,2021-08-19 09:16:32,"(52.4528556, 13.2862437)",0.01,1.0,0.96,4.49,6890.0,207.0,2021-08-19 07:21:42,2.3460087082728593,46.102449888641424,1
127,127,V38924682,V88337,14195,2021-08-19 09:16:35,"(52.4527078, 13.2863929)",0.02,3.0,1.8,4.51,6893.0,209.0,2021-08-19 07:21:42,2.3554330480197296,46.34146341463415,1
128,128,V38924682,V88337,14195,2021-08-19 09:16:39,"(52.4524854, 13.2865438)",0.03,4.0,2.55,4.54,6897.0,212.0,2021-08-19 07:21:42,2.369725967812092,46.69603524229075,1
129,129,V38924682,V88337,14195,2021-08-19 09:16:41,"(52.4523601, 13.2866108)",0.01,2.0,0.74,4.55,6899.0,213.0,2021-08-19 07:21:42,2.374257138715756,46.81318681318682,1
130,130,V38924682,V88337,14195,2021-08-19 09:16:47,"(52.4522268, 13.2866591)",0.02,6.0,1.4,4.57,6905.0,214.0,2021-08-19 07:21:42,2.382621288921072,46.82713347921225,1
131,131,V38924682,V88337,14195,2021-08-19 09:16:53,"(52.4520228, 13.2867326)",0.02,6.0,1.46,4.59,6911.0,215.0,2021-08-19 07:21:42,2.390970915931124,46.84095860566449,1
132,132,V38924682,V88337,14195,2021-08-19 09:17:04,"(52.4517758, 13.2867838)",0.03,11.0,2.64,4.62,6922.0,218.0,2021-08-19 07:21:42,2.402773764807859,47.18614718614719,1
133,133,V38924682,V88337,14195,2021-08-19 09:17:07,"(52.451649, 13.286805)",0.01,3.0,1.0,4.63,6925.0,219.0,2021-08-19 07:21:42,2.4069314079422384,47.30021598272138,1
134,134,V38924682,V88337,14195,2021-08-19 09:17:14,"(52.4514918, 13.2868587)",0.02,7.0,1.9,4.65,6932.0,221.0,2021-08-19 07:21:42,2.4148874783612237,47.526881720430104,1
135,135,V38924682,V88337,14195,2021-08-19 09:17:22,"(52.4513108, 13.2869527)",0.02,8.0,2.08,4.67,6940.0,223.0,2021-08-19 07:21:42,2.422478386167147,47.75160599571735,1
136,136,V38924682,V88337,14195,2021-08-19 09:17:27,"(52.4512795, 13.2869713)",0.0,5.0,0.0,4.67,6945.0,223.0,2021-08-19 07:21:42,2.4207343412527,47.75160599571735,1
137,137,V38924682,V88337,14195,2021-08-19 09:17:28,"(52.4512068, 13.2870231)",0.01,1.0,1.5,4.68,6946.0,224.0,2021-08-19 07:21:42,2.4255686726173336,47.863247863247864,1
138,138,V38924682,V88337,14195,2021-08-19 09:17:29,"(52.4510831, 13.2871207)",0.02,1.0,2.64,4.7,6947.0,227.0,2021-08-19 07:21:42,2.4355837051964877,48.29787234042553,1
139,139,V38924682,V88337,14195,2021-08-19 09:17:30,"(52.4510158, 13.2871793)",0.01,1.0,1.57,4.71,6948.0,229.0,2021-08-19 07:21:42,2.440414507772021,48.61995753715499,1
140,140,V38924682,V88337,14195,2021-08-19 09:17:32,"(52.4508781, 13.28732)",0.02,2.0,3.1,4.73,6950.0,232.0,2021-08-19 07:21:42,2.4500719424460433,49.04862579281183,1
141,141,V38924682,V88337,14195,2021-08-19 09:17:33,"(52.4508016, 13.2874133)",0.01,1.0,1.08,4.74,6951.0,233.0,2021-08-19 07:21:42,2.4548985757444974,49.15611814345991,1
142,142,V38924682,V88337,14195,2021-08-19 09:17:38,"(52.4505304, 13.2877706)",0.04,5.0,3.68,4.78,6956.0,237.0,2021-08-19 07:21:42,2.473835537665325,49.58158995815899,1
143,143,V38924682,V88337,14195,2021-08-19 09:17:47,"(52.4502191, 13.288268)",0.05,9.0,3.25,4.83,6965.0,240.0,2021-08-19 07:21:42,2.4964824120603017,49.68944099378882,1
144,144,V38924682,V88337,14195,2021-08-19 09:18:05,"(52.4496328, 13.2890945)",0.09,18.0,5.22,4.92,6983.0,245.0,2021-08-19 07:21:42,2.536445653730488,49.796747967479675,1
145,145,V38924682,V88337,14195,2021-08-19 09:18:09,"(52.4494837, 13.2892749)",0.02,4.0,1.22,4.94,6987.0,246.0,2021-08-19 07:21:42,2.545298411335337,49.797570850202426,1
146,146,V38924682,V88337,14195,2021-08-19 09:18:13,"(52.4493734, 13.2894186)",0.02,4.0,1.06,4.96,6991.0,247.0,2021-08-19 07:21:42,2.554141038478043,49.79838709677419,1
147,147,V38924682,V88337,14195,2021-08-19 09:18:45,"(52.4482446, 13.2906889)",0.15,32.0,8.7,5.11,7023.0,256.0,2021-08-19 07:21:42,2.619393421614695,50.09784735812133,1
148,148,V38924682,V88337,14195,2021-08-19 09:18:53,"(52.4480458, 13.2909227)",0.03,8.0,1.74,5.14,7031.0,258.0,2021-08-19 07:21:42,2.631773574171526,50.194552529182886,1
149,149,V38924682,V88337,14195,2021-08-19 09:19:43,"(52.4465296, 13.2926832)",0.21,50.0,9.45,5.35,7081.0,267.0,2021-08-19 07:21:42,2.719954808642847,49.90654205607477,1
150,150,V38924682,V88337,14195,2021-08-19 09:19:46,"(52.4465011, 13.292718)",0.0,3.0,0.0,5.35,7084.0,267.0,2021-08-19 07:21:42,2.7188029361942405,49.90654205607477,1
151,151,V38924682,V88337,14195,2021-08-19 09:19:47,"(52.4463474, 13.2928586)",0.02,1.0,2.58,5.37,7085.0,270.0,2021-08-19 07:21:42,2.7285815102328868,50.279329608938546,1
152,152,V38924682,V88337,14195,2021-08-19 09:19:51,"(52.445986, 13.29325)",0.05,4.0,6.9,5.42,7089.0,277.0,2021-08-19 07:21:42,2.752433347439695,51.1070110701107,1
153,153,V38924682,V88337,14195,2021-08-19 09:19:52,"(52.4458877, 13.293365)",0.01,1.0,1.34,5.43,7090.0,278.0,2021-08-19 07:21:42,2.7571227080394918,51.19705340699816,1
154,154,V38924682,V88337,14195,2021-08-19 09:19:59,"(52.4458599, 13.2933975)",0.0,7.0,0.0,5.43,7097.0,278.0,2021-08-19 07:21:42,2.754403268986896,51.19705340699816,1
155,155,V38924682,V88337,12203,2021-08-19 09:20:00,"(52.4457657, 13.2935078)",0.01,1.0,1.46,5.44,7098.0,279.0,2021-08-19 07:21:42,2.7590870667793745,51.28676470588235,1
156,156,V38924682,V88337,12205,2021-08-19 09:20:03,"(52.4455614, 13.2937239)",0.03,3.0,4.47,5.47,7101.0,283.0,2021-08-19 07:21:42,2.7731305449936627,51.73674588665448,1
157,157,V38924682,V88337,12205,2021-08-19 09:20:04,"(52.4454907, 13.2938148)",0.01,1.0,1.19,5.48,7102.0,284.0,2021-08-19 07:21:42,2.7778090678682066,51.824817518248175,1
158,158,V38924682,V88337,12205,2021-08-19 09:20:06,"(52.445367, 13.2939738)",0.02,2.0,2.64,5.5,7104.0,287.0,2021-08-19 07:21:42,2.7871621621621623,52.18181818181818,1
159,159,V38924682,V88337,12205,2021-08-19 09:20:12,"(52.4450317, 13.2944433)",0.05,6.0,6.6,5.55,7110.0,294.0,2021-08-19 07:21:42,2.810126582278481,52.972972972972975,1
160,160,V38924682,V88337,12203,2021-08-19 09:20:21,"(52.4445174, 13.2950088)",0.07,9.0,10.29,5.62,7119.0,304.0,2021-08-19 07:21:42,2.8419721871049304,54.09252669039146,1
161,161,V38924682,V88337,12205,2021-08-19 09:20:24,"(52.4444022, 13.2951364)",0.02,3.0,2.42,5.64,7122.0,306.0,2021-08-19 07:21:42,2.8508845829823084,54.255319148936174,1
162,162,V38924682,V88337,12205,2021-08-19 09:20:34,"(52.4439944, 13.2955871)",0.05,10.0,6.25,5.69,7132.0,312.0,2021-08-19 07:21:42,2.872125630959058,54.83304042179262,1
163,163,V38924682,V88337,12205,2021-08-19 09:20:44,"(52.4435641, 13.2960552)",0.06,10.0,5.46,5.75,7142.0,317.0,2021-08-19 07:21:42,2.8983478017362083,55.130434782608695,1
164,164,V38924682,V88337,12205,2021-08-19 09:20:49,"(52.4433575, 13.2962808)",0.03,5.0,3.18,5.78,7147.0,320.0,2021-08-19 07:21:42,2.911431369805513,55.363321799307954,1
165,165,V38924682,V88337,12205,2021-08-19 09:20:51,"(52.4432612, 13.2963823)",0.01,2.0,1.06,5.79,7149.0,321.0,2021-08-19 07:21:42,2.9156525388166177,55.44041450777202,1
166,166,V38924682,V88337,12205,2021-08-19 09:20:51,"(52.4432369, 13.2964092)",0.0,0.0,0.0,5.79,7149.0,321.0,2021-08-19 07:21:42,2.9156525388166177,55.44041450777202,1
167,167,V38924682,V88337,12205,2021-08-19 09:20:53,"(52.4430946, 13.2965612)",0.02,2.0,3.06,5.81,7151.0,324.0,2021-08-19 07:21:42,2.9249056076073274,55.765920826161796,1
168,168,V38924682,V88337,12205,2021-08-19 09:21:02,"(52.4430586, 13.2965997)",0.0,9.0,0.0,5.81,7160.0,324.0,2021-08-19 07:21:42,2.92122905027933,55.765920826161796,1
169,169,V38924682,V88337,12205,2021-08-19 09:21:03,"(52.4429763, 13.2966876)",0.01,1.0,1.48,5.82,7161.0,325.0,2021-08-19 07:21:42,2.925848345203184,55.84192439862543,1
170,170,V38924682,V88337,12205,2021-08-19 09:21:04,"(52.4429164, 13.2967508)",0.01,1.0,1.45,5.83,7162.0,326.0,2021-08-19 07:21:42,2.9304663501815136,55.917667238421956,1
171,171,V38924682,V88337,12205,2021-08-19 09:21:07,"(52.4427227, 13.2969552)",0.03,3.0,4.86,5.86,7165.0,331.0,2021-08-19 07:21:42,2.9443126308443826,56.484641638225256,1
172,172,V38924682,V88337,12205,2021-08-19 09:21:09,"(52.4426872, 13.2969926)",0.0,2.0,0.0,5.86,7167.0,331.0,2021-08-19 07:21:42,2.943491000418585,56.484641638225256,1
173,173,V38924682,V88337,12205,2021-08-19 09:21:11,"(52.4425719, 13.297123)",0.02,2.0,2.52,5.88,7169.0,334.0,2021-08-19 07:21:42,2.9527130701632025,56.802721088435376,1
174,174,V38924682,V88337,12205,2021-08-19 09:21:21,"(52.4425414, 13.2971575)",0.0,10.0,0.0,5.88,7179.0,334.0,2021-08-19 07:21:42,2.9486000835770994,56.802721088435376,1
175,175,V38924682,V88337,12205,2021-08-19 09:21:22,"(52.4424738, 13.2972339)",0.01,1.0,0.91,5.89,7180.0,335.0,2021-08-19 07:21:42,2.953203342618384,56.8760611205433,1
176,176,V38924682,V88337,12205,2021-08-19 09:21:27,"(52.4421895, 13.2975524)",0.04,5.0,3.0,5.93,7185.0,338.0,2021-08-19 07:21:42,2.971189979123173,56.99831365935919,1
177,177,V38924682,V88337,12205,2021-08-19 09:21:29,"(52.4420686, 13.2976878)",0.02,2.0,1.58,5.95,7187.0,340.0,2021-08-19 07:21:42,2.9803812439126203,57.14285714285714,1
178,178,V38924682,V88337,12205,2021-08-19 09:21:30,"(52.4419885, 13.2977741)",0.01,1.0,0.8,5.96,7188.0,341.0,2021-08-19 07:21:42,2.984974958263773,57.214765100671144,1
179,179,V38924682,V88337,12205,2021-08-19 09:21:36,"(52.4416638, 13.2981239)",0.04,6.0,2.76,6.0,7194.0,344.0,2021-08-19 07:21:42,3.0025020850708923,57.333333333333336,1
180,180,V38924682,V88337,12205,2021-08-19 09:21:42,"(52.4413348, 13.2984832)",0.04,6.0,2.8,6.04,7200.0,347.0,2021-08-19 07:21:42,3.02,57.450331125827816,1
181,181,V38924682,V88337,12205,2021-08-19 09:21:44,"(52.4412336, 13.2985964)",0.01,2.0,0.78,6.05,7202.0,348.0,2021-08-19 07:21:42,3.0241599555678977,57.5206611570248,1
182,182,V38924682,V88337,12205,2021-08-19 09:21:53,"(52.4408713, 13.2990016)",0.05,9.0,4.45,6.1,7211.0,352.0,2021-08-19 07:21:42,3.04534738593815,57.704918032786885,1
183,183,V38924682,V88337,12205,2021-08-19 09:21:59,"(52.4405532, 13.2993574)",0.04,6.0,3.48,6.14,7217.0,355.0,2021-08-19 07:21:42,3.0627684633504226,57.817589576547235,1
184,184,V38924682,V88337,12205,2021-08-19 09:22:03,"(52.440386, 13.2995442)",0.02,4.0,1.58,6.16,7221.0,357.0,2021-08-19 07:21:42,3.0710427918570837,57.95454545454545,1
185,185,V38924682,V88337,12205,2021-08-19 09:22:10,"(52.440156, 13.2998012)",0.03,7.0,2.1,6.19,7228.0,359.0,2021-08-19 07:21:42,3.083010514665191,57.9967689822294,1
186,186,V38924682,V88337,12205,2021-08-19 09:22:14,"(52.4399748, 13.3000037)",0.02,4.0,1.12,6.21,7232.0,360.0,2021-08-19 07:21:42,3.0912610619469025,57.971014492753625,1
187,187,V38924682,V88337,12205,2021-08-19 09:22:17,"(52.4398743, 13.3001088)",0.01,3.0,0.61,6.22,7235.0,361.0,2021-08-19 07:21:42,3.0949550794747758,58.038585209003216,1
188,188,V38924682,V88337,12205,2021-08-19 09:22:20,"(52.4397896, 13.3002107)",0.01,3.0,0.61,6.23,7238.0,362.0,2021-08-19 07:21:42,3.0986460348162472,58.105939004815404,1
189,189,V38924682,V88337,12205,2021-08-19 09:22:24,"(52.4397073, 13.3003019)",0.01,4.0,0.5,6.24,7242.0,362.0,2021-08-19 07:21:42,3.1019055509527753,58.01282051282051,1
190,190,V38924682,V88337,12205,2021-08-19 09:22:48,"(52.4392769, 13.3007792)",0.06,24.0,2.4,6.3,7266.0,364.0,2021-08-19 07:21:42,3.1213872832369947,57.77777777777778,1
191,191,V38924682,V88337,12205,2021-08-19 09:23:01,"(52.4390795, 13.3009981)",0.03,13.0,0.96,6.33,7279.0,365.0,2021-08-19 07:21:42,3.130649814534964,57.661927330173775,1
192,192,V38924682,V88337,12205,2021-08-19 09:23:15,"(52.4388944, 13.3012034)",0.02,14.0,0.74,6.35,7293.0,366.0,2021-08-19 07:21:42,3.134512546277252,57.637795275590555,1
193,193,V38924682,V88337,12205,2021-08-19 09:24:45,"(52.4381503, 13.3020285)",0.1,90.0,3.0,6.45,7383.0,369.0,2021-08-19 07:21:42,3.145062982527428,57.20930232558139,1
194,194,V38924682,V88337,12205,2021-08-19 09:25:12,"(52.4378934, 13.302309)",0.03,27.0,0.69,6.48,7410.0,370.0,2021-08-19 07:21:42,3.1481781376518225,57.09876543209876,1
195,195,V38924682,V88337,12205,2021-08-19 09:26:12,"(52.4374887, 13.3027594)",0.05,60.0,1.15,6.53,7470.0,371.0,2021-08-19 07:21:42,3.146987951807229,56.814701378254206,1
196,196,V38924682,V88337,12205,2021-08-19 09:26:30,"(52.4373912, 13.3028744)",0.01,18.0,0.18,6.54,7488.0,371.0,2021-08-19 07:21:42,3.144230769230769,56.72782874617737,1
197,197,V38924682,V88337,12205,2021-08-19 09:29:12,"(52.4367159, 13.3036132)",0.09,162.0,1.71,6.63,7650.0,373.0,2021-08-19 07:21:42,3.12,56.25942684766214,1
198,198,V38924682,V88337,12205,2021-08-19 09:29:30,"(52.4366108, 13.3037293)",0.01,18.0,0.14,6.64,7668.0,373.0,2021-08-19 07:21:42,3.1173708920187795,56.174698795180724,1
199,199,V38924682,V88337,12205,2021-08-19 09:30:24,"(52.4363959, 13.303968)",0.03,54.0,0.48,6.67,7722.0,373.0,2021-08-19 07:21:42,3.1095571095571093,55.92203898050975,1
200,200,V38924682,V88337,12205,2021-08-19 09:31:54,"(52.4360147, 13.3043915)",0.05,90.0,0.6,6.72,7812.0,374.0,2021-08-19 07:21:42,3.096774193548387,55.654761904761905,1
201,201,V38924682,V88337,12205,2021-08-19 09:35:12,"(52.4351935, 13.3053039)",0.11,198.0,1.21,6.83,8010.0,375.0,2021-08-19 07:21:42,3.0696629213483146,54.904831625183014,1
202,202,V38924682,V88337,12205,2021-08-19 09:35:30,"(52.4350846, 13.3054318)",0.01,18.0,0.11,6.84,8028.0,375.0,2021-08-19 07:21:42,3.0672645739910314,54.824561403508774,1
203,203,V38924682,V88337,12205,2021-08-19 09:38:12,"(52.4344442, 13.3061429)",0.09,162.0,1.17,6.93,8190.0,376.0,2021-08-19 07:21:42,3.046153846153846,54.25685425685426,1
204,204,V38924682,V88337,12205,2021-08-19 09:41:12,"(52.4340498, 13.3065808)",0.05,180.0,0.65,6.98,8370.0,377.0,2021-08-19 07:21:42,3.0021505376344084,54.01146131805157,1
205,205,V38924682,V88337,12205,2021-08-19 09:41:48,"(52.433948, 13.3066944)",0.01,36.0,0.1,6.99,8406.0,377.0,2021-08-19 07:21:42,2.993576017130621,53.934191702432045,1
206,206,V38924682,V88337,12205,2021-08-19 09:44:12,"(52.4336525, 13.3069586)",0.04,144.0,0.48,7.03,8550.0,377.0,2021-08-19 07:21:42,2.96,53.62731152204836,1
207,207,V38924682,V88337,12205,2021-08-19 09:45:24,"(52.4335161, 13.3071072)",0.02,72.0,0.24,7.05,8622.0,377.0,2021-08-19 07:21:42,2.943632567849687,53.47517730496454,1
208,208,V38924682,V88337,12205,2021-08-19 09:46:00,"(52.4334045, 13.3072175)",0.01,36.0,0.13,7.06,8658.0,377.0,2021-08-19 07:21:42,2.935550935550935,53.39943342776204,1
209,209,V38924682,V88337,12205,2021-08-19 09:46:00,"(52.4333705, 13.3072482)",0.0,0.0,0.0,7.06,8658.0,377.0,2021-08-19 07:21:42,2.935550935550935,53.39943342776204,1
210,210,V38924682,V88337,12205,2021-08-19 09:46:01,"(52.4332747, 13.3073268)",0.01,1.0,1.55,7.07,8659.0,379.0,2021-08-19 07:21:42,2.9393694421988688,53.60678925035361,1
211,211,V38924682,V88337,12205,2021-08-19 09:46:02,"(52.4333456, 13.3075086)",0.01,1.0,1.41,7.08,8660.0,380.0,2021-08-19 07:21:42,2.9431870669745956,53.67231638418079,1
212,212,V38924682,V88337,12203,2021-08-19 09:46:03,"(52.4333725, 13.3075781)",0.01,1.0,1.0,7.09,8661.0,381.0,2021-08-19 07:21:42,2.9470038101835816,53.737658674189,1
213,213,V38924682,V88337,12203,2021-08-19 09:46:04,"(52.4333994, 13.3076477)",0.01,1.0,0.75,7.1,8662.0,382.0,2021-08-19 07:21:42,2.9508196721311473,53.802816901408455,1
214,214,V38924682,V88337,12203,2021-08-19 09:46:10,"(52.4337358, 13.3085179)",0.07,6.0,5.95,7.17,8668.0,388.0,2021-08-19 07:21:42,2.9778495616059066,54.114365411436545,1
215,215,V38924682,V88337,12203,2021-08-19 09:46:12,"(52.4338271, 13.3087541)",0.02,2.0,1.24,7.19,8670.0,389.0,2021-08-19 07:21:42,2.985467128027682,54.1029207232267,1
216,216,V38924682,V88337,12203,2021-08-19 09:46:16,"(52.4339706, 13.3091253)",0.03,4.0,1.92,7.22,8674.0,391.0,2021-08-19 07:21:42,2.99654138805626,54.15512465373961,1
217,217,V38924682,V88337,12203,2021-08-19 09:46:22,"(52.4341855, 13.3096812)",0.04,6.0,2.36,7.26,8680.0,393.0,2021-08-19 07:21:42,3.0110599078341016,54.13223140495868,1
218,218,V38924682,V88337,12203,2021-08-19 09:46:30,"(52.4342088, 13.3097414)",0.0,8.0,0.0,7.26,8688.0,393.0,2021-08-19 07:21:42,3.008287292817679,54.13223140495868,1
219,219,V38924682,V88337,12203,2021-08-19 09:46:33,"(52.4343489, 13.3101038)",0.03,3.0,3.48,7.29,8691.0,396.0,2021-08-19 07:21:42,3.0196755264066275,54.32098765432099,1
220,220,V38924682,V88337,12203,2021-08-19 09:46:36,"(52.4345217, 13.3105508)",0.04,3.0,4.56,7.33,8694.0,401.0,2021-08-19 07:21:42,3.0351966873706004,54.70668485675307,1
221,221,V38924682,V88337,12203,2021-08-19 09:46:38,"(52.4346032, 13.3107616)",0.02,2.0,1.62,7.35,8696.0,403.0,2021-08-19 07:21:42,3.042778288868445,54.82993197278912,1
222,222,V38924682,V88337,12203,2021-08-19 09:46:40,"(52.4347143, 13.3110491)",0.02,2.0,1.68,7.37,8698.0,405.0,2021-08-19 07:21:42,3.050356403770982,54.952510176390774,1
223,223,V38924682,V88337,12203,2021-08-19 09:46:47,"(52.4349896, 13.3117611)",0.06,7.0,3.78,7.43,8705.0,409.0,2021-08-19 07:21:42,3.0727168294083858,55.047106325706594,1
224,224,V38924682,V88337,12203,2021-08-19 09:46:54,"(52.4352895, 13.3125241)",0.06,7.0,2.64,7.49,8712.0,412.0,2021-08-19 07:21:42,3.09504132231405,55.00667556742323,1
225,225,V38924682,V88337,12203,2021-08-19 09:46:59,"(52.4354172, 13.3128806)",0.03,5.0,0.99,7.52,8717.0,413.0,2021-08-19 07:21:42,3.1056556154640353,54.92021276595745,1
226,226,V38924682,V88337,12203,2021-08-19 09:47:01,"(52.4354412, 13.3130035)",0.01,2.0,0.26,7.53,8719.0,413.0,2021-08-19 07:21:42,3.1090721413006084,54.8472775564409,1
227,227,V38924682,V88337,12203,2021-08-19 09:47:08,"(52.4354417, 13.3130521)",0.0,7.0,0.0,7.53,8726.0,413.0,2021-08-19 07:21:42,3.106578042631217,54.8472775564409,1
228,228,V38924682,V88337,12203,2021-08-19 09:47:13,"(52.4354409, 13.3131003)",0.0,5.0,0.0,7.53,8731.0,413.0,2021-08-19 07:21:42,3.104798992097125,54.8472775564409,1
229,229,V38924682,V88337,12203,2021-08-19 09:47:23,"(52.4354398, 13.3131702)",0.0,10.0,0.0,7.53,8741.0,413.0,2021-08-19 07:21:42,3.101246996911109,54.8472775564409,1
230,230,V38924682,V88337,12203,2021-08-19 09:47:24,"(52.4354156, 13.3132438)",0.01,1.0,1.27,7.54,8742.0,414.0,2021-08-19 07:21:42,3.1050102951269736,54.90716180371353,1
231,231,V38924682,V88337,12203,2021-08-19 09:47:25,"(52.4353923, 13.3133239)",0.01,1.0,1.03,7.55,8743.0,415.0,2021-08-19 07:21:42,3.108772732471692,54.966887417218544,1
232,232,V38924682,V88337,12203,2021-08-19 09:47:26,"(52.4353589, 13.3134391)",0.01,1.0,0.87,7.56,8744.0,416.0,2021-08-19 07:21:42,3.112534309240622,55.02645502645503,1
233,233,V38924682,V88337,12203,2021-08-19 09:47:27,"(52.4354393, 13.3135136)",0.01,1.0,0.66,7.57,8745.0,417.0,2021-08-19 07:21:42,3.116295025728988,55.08586525759577,1
234,234,V38924682,V88337,12203,2021-08-19 09:47:29,"(52.4355619, 13.3136271)",0.02,2.0,1.38,7.59,8747.0,418.0,2021-08-19 07:21:42,3.1238138790442433,55.072463768115945,1
235,0,V34577981,V88337,10407,2021-08-19 15:36:47,"(52.5345674, 13.443282)",0.0,0.0,0.0,0.0,0.0,0.0,2021-08-19 15:36:47,0.0,0.0,2
236,1,V34577981,V88337,10407,2021-08-19 15:36:50,"(52.5343378, 13.4429863)",0.03,3.0,4.41,0.03,3.0,4.0,2021-08-19 15:36:47,35.99999999999999,133.33333333333334,2
237,2,V34577981,V88337,10407,2021-08-19 15:36:53,"(52.5342114, 13.4428229)",0.02,3.0,3.0,0.05,6.0,7.0,2021-08-19 15:36:47,30.0,140.0,2
238,3,V34577981,V88337,10407,2021-08-19 15:37:02,"(52.5338471, 13.442352)",0.05,9.0,5.85,0.1,15.0,13.0,2021-08-19 15:36:47,24.0,130.0,2
239,4,V34577981,V88337,10407,2021-08-19 15:37:11,"(52.5335528, 13.4429789)",0.05,9.0,4.45,0.15,24.0,17.0,2021-08-19 15:36:47,22.499999999999996,113.33333333333334,2
240,5,V34577981,V88337,10407,2021-08-19 15:37:16,"(52.533416, 13.4432484)",0.02,5.0,1.44,0.17,29.0,18.0,2021-08-19 15:36:47,21.10344827586207,105.88235294117646,2
241,6,V34577981,V88337,10407,2021-08-19 15:37:20,"(52.5333727, 13.4433385)",0.01,4.0,0.8,0.18,33.0,19.0,2021-08-19 15:36:47,19.636363636363637,105.55555555555556,2
242,7,V34577981,V88337,10407,2021-08-19 15:37:24,"(52.5333221, 13.4432543)",0.01,4.0,0.95,0.19,37.0,20.0,2021-08-19 15:36:47,18.486486486486488,105.26315789473684,2
243,8,V34577981,V88337,10407,2021-08-19 15:37:30,"(52.5332955, 13.44321)",0.0,6.0,0.0,0.19,43.0,20.0,2021-08-19 15:36:47,15.906976744186046,105.26315789473684,2
244,9,V34577981,V88337,10407,2021-08-19 15:37:40,"(52.5332795, 13.4431846)",0.0,10.0,0.0,0.19,53.0,20.0,2021-08-19 15:36:47,12.90566037735849,105.26315789473684,2
245,10,V34577981,V88337,10407,2021-08-19 15:37:45,"(52.5328227, 13.4424609)",0.07,5.0,10.71,0.26,58.0,31.0,2021-08-19 15:36:47,16.137931034482758,119.23076923076923,2
246,11,V34577981,V88337,10407,2021-08-19 15:37:51,"(52.5323533, 13.4417254)",0.07,6.0,9.31,0.33,64.0,40.0,2021-08-19 15:36:47,18.5625,121.2121212121212,2
247,12,V34577981,V88337,10407,2021-08-19 15:37:54,"(52.5323231, 13.441679)",0.0,3.0,0.0,0.33,67.0,40.0,2021-08-19 15:36:47,17.73134328358209,121.2121212121212,2
248,13,V34577981,V88337,10407,2021-08-19 15:37:55,"(52.5322566, 13.4416029)",0.01,1.0,1.56,0.34,68.0,42.0,2021-08-19 15:36:47,18.0,123.52941176470587,2
249,14,V34577981,V88337,10407,2021-08-19 15:38:03,"(52.5322408, 13.4415842)",0.0,8.0,0.0,0.34,76.0,42.0,2021-08-19 15:36:47,16.105263157894736,123.52941176470587,2
250,15,V34577981,V88337,10407,2021-08-19 15:38:04,"(52.5321625, 13.4414499)",0.01,1.0,1.09,0.35,77.0,43.0,2021-08-19 15:36:47,16.36363636363636,122.85714285714286,2
251,16,V34577981,V88337,10407,2021-08-19 15:38:14,"(52.5321408, 13.4414126)",0.0,10.0,0.0,0.35,87.0,43.0,2021-08-19 15:36:47,14.482758620689655,122.85714285714286,2
252,17,V34577981,V88337,10407,2021-08-19 15:38:15,"(52.5320668, 13.4412856)",0.01,1.0,1.14,0.36,88.0,44.0,2021-08-19 15:36:47,14.727272727272728,122.22222222222223,2
253,18,V34577981,V88337,10407,2021-08-19 15:38:17,"(52.5319569, 13.4414388)",0.02,2.0,2.18,0.38,90.0,46.0,2021-08-19 15:36:47,15.2,121.05263157894737,2
254,19,V34577981,V88337,10407,2021-08-19 15:38:18,"(52.5319034, 13.441512)",0.01,1.0,1.28,0.39,91.0,47.0,2021-08-19 15:36:47,15.428571428571429,120.51282051282051,2
255,20,V34577981,V88337,10407,2021-08-19 15:38:36,"(52.5311438, 13.4423073)",0.1,18.0,9.7,0.49,109.0,57.0,2021-08-19 15:36:47,16.183486238532108,116.3265306122449,2
256,21,V34577981,V88337,10407,2021-08-19 15:38:40,"(52.5310325, 13.4424409)",0.02,4.0,1.64,0.51,113.0,59.0,2021-08-19 15:36:47,16.24778761061947,115.68627450980392,2
257,22,V34577981,V88337,10407,2021-08-19 15:39:12,"(52.5299006, 13.4436507)",0.15,32.0,12.0,0.66,145.0,71.0,2021-08-19 15:36:47,16.386206896551727,107.57575757575756,2
258,23,V34577981,V88337,10407,2021-08-19 15:39:24,"(52.5295671, 13.4440227)",0.04,12.0,3.44,0.7,157.0,74.0,2021-08-19 15:36:47,16.050955414012737,105.71428571428572,2
259,24,V34577981,V88337,10407,2021-08-19 15:39:28,"(52.5295428, 13.4440523)",0.0,4.0,0.0,0.7,161.0,74.0,2021-08-19 15:36:47,15.652173913043478,105.71428571428572,2
260,25,V34577981,V88337,10407,2021-08-19 15:39:29,"(52.5294469, 13.4441546)",0.01,1.0,1.2,0.71,162.0,75.0,2021-08-19 15:36:47,15.777777777777775,105.63380281690141,2
261,26,V34577981,V88337,10407,2021-08-19 15:39:31,"(52.5293284, 13.4442814)",0.02,2.0,2.68,0.73,164.0,78.0,2021-08-19 15:36:47,16.024390243902438,106.84931506849315,2
262,27,V34577981,V88337,10407,2021-08-19 15:39:45,"(52.5286212, 13.4450707)",0.1,14.0,14.6,0.83,178.0,93.0,2021-08-19 15:36:47,16.786516853932582,112.04819277108435,2
263,28,V34577981,V88337,10407,2021-08-19 15:39:53,"(52.5282763, 13.4454314)",0.05,8.0,5.9,0.88,186.0,99.0,2021-08-19 15:36:47,17.032258064516128,112.5,2
264,29,V34577981,V88337,10407,2021-08-19 15:40:02,"(52.5277467, 13.4460015)",0.07,9.0,8.54,0.95,195.0,108.0,2021-08-19 15:36:47,17.538461538461537,113.6842105263158,2
265,30,V34577981,V88337,10407,2021-08-19 15:40:19,"(52.5270437, 13.4467506)",0.09,17.0,8.82,1.04,212.0,117.0,2021-08-19 15:36:47,17.660377358490567,112.5,2
266,31,V34577981,V88337,10407,2021-08-19 15:40:21,"(52.5269579, 13.446842)",0.01,2.0,0.93,1.05,214.0,118.0,2021-08-19 15:36:47,17.66355140186916,112.38095238095238,2
267,32,V34577981,V88337,10407,2021-08-19 15:40:32,"(52.5266336, 13.4472042)",0.04,11.0,4.36,1.09,225.0,122.0,2021-08-19 15:36:47,17.44,111.92660550458714,2
268,33,V34577981,V88337,10407,2021-08-19 15:40:35,"(52.5265314, 13.4473144)",0.01,3.0,1.1,1.1,228.0,123.0,2021-08-19 15:36:47,17.368421052631582,111.81818181818181,2
269,34,V34577981,V88337,10407,2021-08-19 15:40:38,"(52.526492, 13.447357)",0.01,3.0,1.17,1.11,231.0,124.0,2021-08-19 15:36:47,17.2987012987013,111.7117117117117,2
270,35,V34577981,V88337,10407,2021-08-19 15:40:40,"(52.5264696, 13.4473811)",0.0,2.0,0.0,1.11,233.0,124.0,2021-08-19 15:36:47,17.15021459227468,111.7117117117117,2
271,36,V34577981,V88337,10249,2021-08-19 15:40:41,"(52.5264109, 13.4474442)",0.01,1.0,1.38,1.12,234.0,125.0,2021-08-19 15:36:47,17.230769230769234,111.60714285714285,2
272,37,V34577981,V88337,10249,2021-08-19 15:40:47,"(52.5263824, 13.4474672)",0.0,6.0,0.0,1.12,240.0,125.0,2021-08-19 15:36:47,16.8,111.60714285714285,2
273,38,V34577981,V88337,10249,2021-08-19 15:40:51,"(52.5263474, 13.4474956)",0.0,4.0,0.0,1.12,244.0,125.0,2021-08-19 15:36:47,16.52459016393443,111.60714285714285,2
274,39,V34577981,V88337,10249,2021-08-19 15:40:53,"(52.5263164, 13.4475207)",0.0,2.0,0.0,1.12,246.0,125.0,2021-08-19 15:36:47,16.39024390243903,111.60714285714285,2
275,40,V34577981,V88337,10249,2021-08-19 15:41:00,"(52.5262833, 13.4475445)",0.0,7.0,0.0,1.12,253.0,125.0,2021-08-19 15:36:47,15.936758893280633,111.60714285714285,2
276,41,V34577981,V88337,10249,2021-08-19 15:41:01,"(52.5262349, 13.4475792)",0.01,1.0,1.07,1.13,254.0,126.0,2021-08-19 15:36:47,16.015748031496063,111.50442477876108,2
277,42,V34577981,V88337,10249,2021-08-19 15:41:10,"(52.5262558, 13.447642)",0.0,9.0,0.0,1.13,263.0,126.0,2021-08-19 15:36:47,15.467680608365015,111.50442477876108,2
278,43,V34577981,V88337,10249,2021-08-19 15:41:11,"(52.5262728, 13.447693)",0.0,1.0,0.0,1.13,264.0,126.0,2021-08-19 15:36:47,15.409090909090908,111.50442477876108,2
279,44,V34577981,V88337,10249,2021-08-19 15:41:15,"(52.5262791, 13.4477118)",0.0,4.0,0.0,1.13,268.0,126.0,2021-08-19 15:36:47,15.179104477611938,111.50442477876108,2
280,45,V34577981,V88337,10249,2021-08-19 15:41:22,"(52.5262915, 13.4477492)",0.0,7.0,0.0,1.13,275.0,126.0,2021-08-19 15:36:47,14.792727272727273,111.50442477876108,2
281,46,V34577981,V88337,10249,2021-08-19 15:41:23,"(52.5263399, 13.4478946)",0.01,1.0,1.07,1.14,276.0,127.0,2021-08-19 15:36:47,14.869565217391305,111.40350877192984,2
282,47,V34577981,V88337,10249,2021-08-19 15:41:24,"(52.5264243, 13.4481503)",0.02,1.0,1.82,1.16,277.0,129.0,2021-08-19 15:36:47,15.07581227436823,111.20689655172414,2
283,48,V34577981,V88337,10249,2021-08-19 15:41:27,"(52.5265162, 13.4484907)",0.03,3.0,2.01,1.19,280.0,131.0,2021-08-19 15:36:47,15.299999999999999,110.08403361344538,2
284,49,V34577981,V88337,10249,2021-08-19 15:41:40,"(52.5269361, 13.4500364)",0.11,13.0,6.71,1.3,293.0,138.0,2021-08-19 15:36:47,15.972696245733786,106.15384615384615,2
285,50,V34577981,V88337,10249,2021-08-19 15:41:44,"(52.5270964, 13.450616)",0.04,4.0,2.28,1.34,297.0,140.0,2021-08-19 15:36:47,16.242424242424242,104.4776119402985,2
286,51,V34577981,V88337,10249,2021-08-19 15:41:47,"(52.5271144, 13.4506834)",0.0,3.0,0.0,1.34,300.0,140.0,2021-08-19 15:36:47,16.080000000000002,104.4776119402985,2
287,52,V34577981,V88337,10249,2021-08-19 15:41:48,"(52.5271622, 13.4508498)",0.01,1.0,0.91,1.35,301.0,141.0,2021-08-19 15:36:47,16.146179401993358,104.44444444444444,2
288,53,V34577981,V88337,10249,2021-08-19 15:41:49,"(52.5272067, 13.4510139)",0.01,1.0,1.01,1.36,302.0,142.0,2021-08-19 15:36:47,16.211920529801326,104.41176470588235,2
289,54,V34577981,V88337,10249,2021-08-19 15:42:03,"(52.5275019, 13.4521024)",0.08,14.0,6.08,1.44,316.0,148.0,2021-08-19 15:36:47,16.40506329113924,102.77777777777779,2
290,55,V34577981,V88337,10249,2021-08-19 15:42:05,"(52.5275447, 13.4522602)",0.01,2.0,0.74,1.45,318.0,149.0,2021-08-19 15:36:47,16.41509433962264,102.75862068965517,2
291,56,V34577981,V88337,10249,2021-08-19 15:42:07,"(52.5275765, 13.4523827)",0.01,2.0,0.56,1.46,320.0,150.0,2021-08-19 15:36:47,16.425,102.73972602739727,2
292,57,V34577981,V88337,10249,2021-08-19 15:42:24,"(52.5277895, 13.453224)",0.06,17.0,3.48,1.52,337.0,153.0,2021-08-19 15:36:47,16.23738872403561,100.65789473684211,2
293,58,V34577981,V88337,10249,2021-08-19 15:43:00,"(52.5280215, 13.4542981)",0.08,36.0,5.28,1.6,373.0,158.0,2021-08-19 15:36:47,15.44235924932976,98.75,2
294,59,V34577981,V88337,10249,2021-08-19 15:43:50,"(52.5282415, 13.4552452)",0.07,50.0,4.97,1.67,423.0,163.0,2021-08-19 15:36:47,14.212765957446809,97.60479041916167,2
295,60,V34577981,V88337,10407,2021-08-19 15:44:32,"(52.5284631, 13.4562188)",0.07,42.0,3.78,1.74,465.0,167.0,2021-08-19 15:36:47,13.470967741935482,95.97701149425288,2
296,61,V34577981,V88337,10407,2021-08-19 15:44:37,"(52.5284811, 13.4563044)",0.01,5.0,0.64,1.75,470.0,168.0,2021-08-19 15:36:47,13.404255319148936,96.0,2
297,62,V34577981,V88337,10369,2021-08-19 15:45:35,"(52.5286997, 13.4574152)",0.08,58.0,4.32,1.83,528.0,172.0,2021-08-19 15:36:47,12.477272727272728,93.98907103825137,2
298,63,V34577981,V88337,10369,2021-08-19 15:45:43,"(52.5287126, 13.4574851)",0.0,8.0,0.0,1.83,536.0,172.0,2021-08-19 15:36:47,12.291044776119403,93.98907103825137,2
299,64,V34577981,V88337,10369,2021-08-19 15:45:44,"(52.5287585, 13.457713)",0.02,1.0,2.1,1.85,537.0,174.0,2021-08-19 15:36:47,12.40223463687151,94.05405405405405,2
300,65,V34577981,V88337,10369,2021-08-19 15:45:45,"(52.5287762, 13.4577912)",0.01,1.0,1.16,1.86,538.0,175.0,2021-08-19 15:36:47,12.446096654275093,94.08602150537634,2
301,66,V34577981,V88337,10369,2021-08-19 15:45:48,"(52.5288413, 13.4580744)",0.02,3.0,2.34,1.88,541.0,177.0,2021-08-19 15:36:47,12.510166358595193,94.14893617021278,2
302,67,V34577981,V88337,10369,2021-08-19 15:46:02,"(52.5290938, 13.4592035)",0.08,14.0,6.8,1.96,555.0,184.0,2021-08-19 15:36:47,12.713513513513513,93.87755102040816,2
303,68,V34577981,V88337,10369,2021-08-19 15:46:07,"(52.5291653, 13.4595293)",0.02,5.0,1.76,1.98,560.0,186.0,2021-08-19 15:36:47,12.728571428571428,93.93939393939394,2
304,69,V34577981,V88337,10369,2021-08-19 15:46:19,"(52.5292838, 13.4600919)",0.04,12.0,2.72,2.02,572.0,189.0,2021-08-19 15:36:47,12.713286713286713,93.56435643564356,2
305,70,V34577981,V88337,10369,2021-08-19 15:46:23,"(52.5293213, 13.460267)",0.01,4.0,0.78,2.03,576.0,190.0,2021-08-19 15:36:47,12.687499999999998,93.5960591133005,2
306,71,V34577981,V88337,10369,2021-08-19 15:46:30,"(52.529371, 13.4604996)",0.02,7.0,1.26,2.05,583.0,191.0,2021-08-19 15:36:47,12.658662092624356,93.17073170731707,2
307,72,V34577981,V88337,10369,2021-08-19 15:46:46,"(52.5294813, 13.4610356)",0.04,16.0,2.64,2.09,599.0,194.0,2021-08-19 15:36:47,12.560934891485811,92.82296650717704,2
308,73,V34577981,V88337,10369,2021-08-19 15:46:50,"(52.5295009, 13.461113)",0.01,4.0,0.71,2.1,603.0,195.0,2021-08-19 15:36:47,12.537313432835822,92.85714285714285,2
309,74,V34577981,V88337,10369,2021-08-19 15:46:58,"(52.5295053, 13.4611299)",0.0,8.0,0.0,2.1,611.0,195.0,2021-08-19 15:36:47,12.37315875613748,92.85714285714285,2
310,75,V34577981,V88337,10369,2021-08-19 15:46:59,"(52.5295148, 13.4611678)",0.0,1.0,0.0,2.1,612.0,195.0,2021-08-19 15:36:47,12.35294117647059,92.85714285714285,2
311,76,V34577981,V88337,10369,2021-08-19 15:47:00,"(52.5295564, 13.4613332)",0.01,1.0,1.21,2.11,613.0,196.0,2021-08-19 15:36:47,12.391517128874387,92.89099526066352,2
312,77,V34577981,V88337,10369,2021-08-19 15:47:05,"(52.5295711, 13.4613917)",0.0,5.0,0.0,2.11,618.0,196.0,2021-08-19 15:36:47,12.291262135922327,92.89099526066352,2
313,78,V34577981,V88337,10369,2021-08-19 15:47:14,"(52.5295774, 13.4614168)",0.0,9.0,0.0,2.11,627.0,196.0,2021-08-19 15:36:47,12.114832535885167,92.89099526066352,2
314,79,V34577981,V88337,10369,2021-08-19 15:47:17,"(52.5297283, 13.4620672)",0.05,3.0,4.7,2.16,630.0,201.0,2021-08-19 15:36:47,12.342857142857145,93.05555555555554,2
315,80,V34577981,V88337,10369,2021-08-19 15:47:19,"(52.5298474, 13.4625563)",0.04,2.0,3.36,2.2,632.0,204.0,2021-08-19 15:36:47,12.531645569620254,92.72727272727272,2
316,81,V34577981,V88337,10369,2021-08-19 15:47:20,"(52.5299167, 13.4627942)",0.02,1.0,1.52,2.22,633.0,206.0,2021-08-19 15:36:47,12.625592417061611,92.79279279279278,2
317,82,V34577981,V88337,10369,2021-08-19 15:47:27,"(52.530213, 13.4638116)",0.08,7.0,7.2,2.3,640.0,213.0,2021-08-19 15:36:47,12.9375,92.60869565217392,2
318,83,V34577981,V88337,10369,2021-08-19 15:47:42,"(52.5306488, 13.4657566)",0.14,15.0,13.72,2.44,655.0,227.0,2021-08-19 15:36:47,13.410687022900763,93.0327868852459,2
319,84,V34577981,V88337,10369,2021-08-19 15:47:44,"(52.5306967, 13.4659732)",0.02,2.0,2.2,2.46,657.0,229.0,2021-08-19 15:36:47,13.479452054794521,93.08943089430895,2
320,85,V34577981,V88337,10369,2021-08-19 15:47:56,"(52.5309862, 13.4672837)",0.09,12.0,8.1,2.55,669.0,237.0,2021-08-19 15:36:47,13.721973094170401,92.94117647058825,2
321,86,V34577981,V88337,10369,2021-08-19 15:48:14,"(52.5312859, 13.468621)",0.1,18.0,9.0,2.65,687.0,246.0,2021-08-19 15:36:47,13.88646288209607,92.83018867924528,2
322,87,V34577981,V88337,10369,2021-08-19 15:48:14,"(52.531301, 13.4686886)",0.0,0.0,0.0,2.65,687.0,246.0,2021-08-19 15:36:47,13.88646288209607,92.83018867924528,2
323,88,V34577981,V88337,10369,2021-08-19 15:48:16,"(52.5313725, 13.4690099)",0.02,2.0,2.06,2.67,689.0,248.0,2021-08-19 15:36:47,13.950653120464441,92.88389513108615,2
324,89,V34577981,V88337,10369,2021-08-19 15:48:18,"(52.5314342, 13.4693046)",0.02,2.0,2.38,2.69,691.0,250.0,2021-08-19 15:36:47,14.014471780028943,92.93680297397769,2
325,90,V34577981,V88337,10369,2021-08-19 15:48:32,"(52.5317027, 13.4704919)",0.09,14.0,11.88,2.78,705.0,262.0,2021-08-19 15:36:47,14.195744680851062,94.24460431654677,2
326,91,V34577981,V88337,10369,2021-08-19 15:48:50,"(52.5319208, 13.4714823)",0.07,18.0,6.86,2.85,723.0,269.0,2021-08-19 15:36:47,14.190871369294607,94.3859649122807,2
327,92,V34577981,V88337,10369,2021-08-19 15:48:55,"(52.5319854, 13.4717912)",0.02,5.0,2.12,2.87,728.0,271.0,2021-08-19 15:36:47,14.192307692307693,94.42508710801394,2
328,93,V34577981,V88337,10369,2021-08-19 15:49:02,"(52.5319926, 13.4718236)",0.0,7.0,0.0,2.87,735.0,271.0,2021-08-19 15:36:47,14.057142857142859,94.42508710801394,2
329,94,V34577981,V88337,10369,2021-08-19 15:49:03,"(52.5320027, 13.4718695)",0.0,1.0,0.0,2.87,736.0,271.0,2021-08-19 15:36:47,14.03804347826087,94.42508710801394,2
330,95,V34577981,V88337,10369,2021-08-19 15:49:08,"(52.5322294, 13.4728842)",0.07,5.0,10.01,2.94,741.0,281.0,2021-08-19 15:36:47,14.283400809716598,95.578231292517,2
331,96,V34577981,V88337,10369,2021-08-19 15:49:18,"(52.5326089, 13.4745849)",0.12,10.0,13.92,3.06,751.0,295.0,2021-08-19 15:36:47,14.668442077230358,96.40522875816993,2
332,97,V34577981,V88337,10369,2021-08-19 15:49:24,"(52.5328649, 13.4756734)",0.08,6.0,8.56,3.14,757.0,304.0,2021-08-19 15:36:47,14.932628797886395,96.81528662420382,2
333,98,V34577981,V88337,10369,2021-08-19 15:49:25,"(52.5328914, 13.4758157)",0.01,1.0,0.92,3.15,758.0,305.0,2021-08-19 15:36:47,14.96042216358839,96.82539682539682,2
334,99,V34577981,V88337,10369,2021-08-19 15:49:26,"(52.5329037, 13.4758816)",0.0,1.0,0.0,3.15,759.0,305.0,2021-08-19 15:36:47,14.940711462450592,96.82539682539682,2
335,100,V34577981,V88337,10369,2021-08-19 15:49:32,"(52.532913, 13.4759417)",0.0,6.0,0.0,3.15,765.0,305.0,2021-08-19 15:36:47,14.823529411764707,96.82539682539682,2
336,101,V34577981,V88337,10369,2021-08-19 15:49:33,"(52.5329333, 13.4760732)",0.01,1.0,0.98,3.16,766.0,306.0,2021-08-19 15:36:47,14.851174934725849,96.83544303797468,2
337,102,V34577981,V88337,10369,2021-08-19 15:49:34,"(52.532951, 13.476225)",0.01,1.0,1.13,3.17,767.0,307.0,2021-08-19 15:36:47,14.878748370273794,96.84542586750788,2
338,103,V34577981,V88337,10369,2021-08-19 15:49:41,"(52.5329603, 13.4762785)",0.0,7.0,0.0,3.17,774.0,307.0,2021-08-19 15:36:47,14.744186046511627,96.84542586750788,2
339,104,V34577981,V88337,10369,2021-08-19 15:49:42,"(52.5329802, 13.4764325)",0.01,1.0,1.0,3.18,775.0,308.0,2021-08-19 15:36:47,14.771612903225808,96.85534591194968,2
340,105,V34577981,V88337,10367,2021-08-19 15:49:43,"(52.5329893, 13.4765414)",0.01,1.0,1.06,3.19,776.0,309.0,2021-08-19 15:36:47,14.798969072164947,96.86520376175548,2
341,106,V34577981,V88337,10367,2021-08-19 15:49:49,"(52.5329948, 13.4766076)",0.0,6.0,0.0,3.19,782.0,309.0,2021-08-19 15:36:47,14.68542199488491,96.86520376175548,2
342,107,V34577981,V88337,10367,2021-08-19 15:49:56,"(52.5330539, 13.4776075)",0.07,7.0,9.1,3.26,789.0,318.0,2021-08-19 15:36:47,14.874524714828896,97.54601226993866,2
343,108,V34577981,V88337,10367,2021-08-19 15:50:08,"(52.5331637, 13.4793603)",0.12,12.0,15.24,3.38,801.0,333.0,2021-08-19 15:36:47,15.191011235955056,98.5207100591716,2
344,109,V34577981,V88337,10367,2021-08-19 15:50:21,"(52.5332577, 13.4809813)",0.11,13.0,10.01,3.49,814.0,343.0,2021-08-19 15:36:47,15.434889434889437,98.2808022922636,2
345,110,V34577981,V88337,10367,2021-08-19 15:50:23,"(52.5332633, 13.4810957)",0.01,2.0,1.06,3.5,816.0,344.0,2021-08-19 15:36:47,15.441176470588236,98.28571428571429,2
346,111,V34577981,V88337,10367,2021-08-19 15:51:16,"(52.5334655, 13.4847061)",0.25,53.0,20.5,3.75,869.0,364.0,2021-08-19 15:36:47,15.535097813578828,97.06666666666666,2
347,112,V34577981,V88337,10367,2021-08-19 15:51:24,"(52.5334682, 13.4847553)",0.0,8.0,0.0,3.75,877.0,364.0,2021-08-19 15:36:47,15.393386545039908,97.06666666666666,2
348,113,V34577981,V88337,10367,2021-08-19 15:51:25,"(52.5334748, 13.4848737)",0.01,1.0,1.26,3.76,878.0,365.0,2021-08-19 15:36:47,15.416856492027335,97.07446808510639,2
349,114,V34577981,V88337,10367,2021-08-19 15:51:26,"(52.5334816, 13.484994)",0.01,1.0,1.13,3.77,879.0,366.0,2021-08-19 15:36:47,15.440273037542662,97.08222811671088,2
350,115,V34577981,V88337,10367,2021-08-19 15:51:36,"(52.5334861, 13.4850643)",0.0,10.0,0.0,3.77,889.0,366.0,2021-08-19 15:36:47,15.266591676040495,97.08222811671088,2
351,116,V34577981,V88337,10367,2021-08-19 15:51:37,"(52.5334926, 13.485165)",0.01,1.0,1.0,3.78,890.0,367.0,2021-08-19 15:36:47,15.289887640449436,97.08994708994709,2
352,117,V34577981,V88337,10367,2021-08-19 15:51:42,"(52.5335602, 13.4862141)",0.07,5.0,5.25,3.85,895.0,372.0,2021-08-19 15:36:47,15.486033519553075,96.62337662337661,2
353,118,V34577981,V88337,10367,2021-08-19 15:51:51,"(52.5336269, 13.4873008)",0.07,9.0,4.48,3.92,904.0,376.0,2021-08-19 15:36:47,15.610619469026547,95.91836734693878,2
354,119,V34577981,V88337,10367,2021-08-19 15:51:51,"(52.5336308, 13.487366)",0.0,0.0,0.0,3.92,904.0,376.0,2021-08-19 15:36:47,15.610619469026547,95.91836734693878,2
355,120,V34577981,V88337,10367,2021-08-19 15:52:08,"(52.5337909, 13.4901074)",0.19,17.0,18.81,4.11,921.0,395.0,2021-08-19 15:36:47,16.065146579804562,96.10705596107056,2
356,121,V34577981,V88337,10367,2021-08-19 15:52:20,"(52.5338726, 13.4915065)",0.1,12.0,8.7,4.21,933.0,404.0,2021-08-19 15:36:47,16.2443729903537,95.96199524940617,2
357,122,V34577981,V88337,10367,2021-08-19 15:52:26,"(52.5338761, 13.4915659)",0.0,6.0,0.0,4.21,939.0,404.0,2021-08-19 15:36:47,16.140575079872203,95.96199524940617,2
358,123,V34577981,V88337,10367,2021-08-19 15:52:27,"(52.533887, 13.4917741)",0.01,1.0,1.25,4.22,940.0,405.0,2021-08-19 15:36:47,16.161702127659574,95.97156398104266,2
359,124,V34577981,V88337,10367,2021-08-19 15:52:28,"(52.5338982, 13.4919771)",0.01,1.0,1.25,4.23,941.0,406.0,2021-08-19 15:36:47,16.182784272051013,95.98108747044917,2
360,125,V34577981,V88337,10367,2021-08-19 15:52:34,"(52.533902, 13.4920449)",0.0,6.0,0.0,4.23,947.0,406.0,2021-08-19 15:36:47,16.08025343189018,95.98108747044917,2
361,126,V34577981,V88337,10367,2021-08-19 15:52:35,"(52.5339132, 13.4922477)",0.01,1.0,1.44,4.24,948.0,407.0,2021-08-19 15:36:47,16.10126582278481,95.99056603773585,2
362,127,V34577981,V88337,10367,2021-08-19 15:52:57,"(52.5340507, 13.4947323)",0.17,22.0,17.68,4.41,970.0,425.0,2021-08-19 15:36:47,16.36701030927835,96.3718820861678,2
363,128,V34577981,V88337,10367,2021-08-19 15:53:06,"(52.5341093, 13.4957925)",0.07,9.0,5.74,4.48,979.0,431.0,2021-08-19 15:36:47,16.47395301327886,96.20535714285714,2
364,129,V34577981,V88337,10367,2021-08-19 15:53:07,"(52.5341138, 13.4958738)",0.01,1.0,0.86,4.49,980.0,432.0,2021-08-19 15:36:47,16.49387755102041,96.21380846325167,2
365,130,V34577981,V88337,10365,2021-08-19 15:53:14,"(52.5341244, 13.4965018)",0.04,7.0,3.68,4.53,987.0,436.0,2021-08-19 15:36:47,16.522796352583587,96.24724061810154,2
366,131,V34577981,V88337,10367,2021-08-19 15:53:29,"(52.5341395, 13.497763)",0.09,15.0,8.82,4.62,1002.0,445.0,2021-08-19 15:36:47,16.59880239520958,96.32034632034632,2
367,132,V34577981,V88337,10367,2021-08-19 15:53:35,"(52.5341483, 13.4982656)",0.03,6.0,2.91,4.65,1008.0,448.0,2021-08-19 15:36:47,16.607142857142858,96.34408602150538,2
368,133,V34577981,V88337,10367,2021-08-19 15:53:47,"(52.5341742, 13.4989431)",0.05,12.0,4.3,4.7,1020.0,452.0,2021-08-19 15:36:47,16.58823529411765,96.17021276595744,2
369,134,V34577981,V88337,10367,2021-08-19 15:53:58,"(52.5341938, 13.4994547)",0.03,11.0,2.73,4.73,1031.0,455.0,2021-08-19 15:36:47,16.51600387972842,96.19450317124735,2
370,135,V34577981,V88337,10367,2021-08-19 15:54:00,"(52.5341967, 13.4995068)",0.0,2.0,0.0,4.73,1033.0,455.0,2021-08-19 15:36:47,16.484027105517914,96.19450317124735,2
371,136,V34577981,V88337,10367,2021-08-19 15:54:01,"(52.5342008, 13.499581)",0.01,1.0,1.56,4.74,1034.0,457.0,2021-08-19 15:36:47,16.502901353965186,96.41350210970464,2
372,137,V34577981,V88337,10365,2021-08-19 15:54:02,"(52.5342091, 13.4997331)",0.01,1.0,1.48,4.75,1035.0,458.0,2021-08-19 15:36:47,16.521739130434785,96.42105263157895,2
373,138,V34577981,V88337,10367,2021-08-19 15:54:05,"(52.5343561, 13.4997106)",0.02,3.0,2.4,4.77,1038.0,460.0,2021-08-19 15:36:47,16.54335260115607,96.43605870020966,2
374,139,V34577981,V88337,13055,2021-08-19 15:54:07,"(52.5344266, 13.4996984)",0.01,2.0,1.36,4.78,1040.0,461.0,2021-08-19 15:36:47,16.54615384615385,96.44351464435145,2
375,140,V34577981,V88337,13055,2021-08-19 15:54:09,"(52.5344871, 13.499688)",0.01,2.0,1.44,4.79,1042.0,462.0,2021-08-19 15:36:47,16.5489443378119,96.45093945720251,2
376,141,V34577981,V88337,13055,2021-08-19 15:54:09,"(52.534527, 13.4996828)",0.0,0.0,0.0,4.79,1042.0,462.0,2021-08-19 15:36:47,16.5489443378119,96.45093945720251,2
377,142,V34577981,V88337,13055,2021-08-19 15:54:09,"(52.5345604, 13.4996785)",0.0,0.0,0.0,4.79,1042.0,462.0,2021-08-19 15:36:47,16.5489443378119,96.45093945720251,2
378,143,V34577981,V88337,13055,2021-08-19 15:54:10,"(52.5346085, 13.4996723)",0.01,1.0,1.53,4.8,1043.0,464.0,2021-08-19 15:36:47,16.56759348034516,96.66666666666667,2
379,144,V34577981,V88337,13055,2021-08-19 15:54:11,"(52.5348226, 13.4996382)",0.02,1.0,2.66,4.82,1044.0,467.0,2021-08-19 15:36:47,16.620689655172416,96.88796680497924,2
380,145,V34577981,V88337,13055,2021-08-19 15:54:12,"(52.5349489, 13.4996123)",0.01,1.0,1.04,4.83,1045.0,468.0,2021-08-19 15:36:47,16.639234449760764,96.8944099378882,2
381,146,V34577981,V88337,13055,2021-08-19 15:54:13,"(52.5350137, 13.4995999)",0.01,1.0,1.19,4.84,1046.0,469.0,2021-08-19 15:36:47,16.657743785850858,96.90082644628099,2
382,147,V34577981,V88337,13055,2021-08-19 15:54:15,"(52.5352264, 13.4995674)",0.02,2.0,2.42,4.86,1048.0,471.0,2021-08-19 15:36:47,16.69465648854962,96.91358024691357,2
383,148,V34577981,V88337,13055,2021-08-19 15:54:19,"(52.5355949, 13.4995111)",0.04,4.0,5.36,4.9,1052.0,476.0,2021-08-19 15:36:47,16.7680608365019,97.14285714285714,2
384,149,V34577981,V88337,13055,2021-08-19 15:54:21,"(52.5357331, 13.49949)",0.02,2.0,2.28,4.92,1054.0,478.0,2021-08-19 15:36:47,16.804554079696395,97.15447154471545,2
385,150,V34577981,V88337,13055,2021-08-19 15:54:22,"(52.5358301, 13.4994957)",0.01,1.0,1.29,4.93,1055.0,479.0,2021-08-19 15:36:47,16.822748815165877,97.16024340770791,2
386,151,V34577981,V88337,13055,2021-08-19 15:54:23,"(52.5359159, 13.4995007)",0.01,1.0,1.39,4.94,1056.0,480.0,2021-08-19 15:36:47,16.840909090909093,97.165991902834,2
387,152,V34577981,V88337,13055,2021-08-19 15:54:25,"(52.5361495, 13.4995288)",0.03,2.0,3.66,4.97,1058.0,484.0,2021-08-19 15:36:47,16.911153119092628,97.38430583501007,2
388,153,V34577981,V88337,13055,2021-08-19 15:54:26,"(52.5363346, 13.4995838)",0.02,1.0,1.98,4.99,1059.0,486.0,2021-08-19 15:36:47,16.96317280453258,97.39478957915831,2
389,154,V34577981,V88337,13055,2021-08-19 15:54:27,"(52.5364304, 13.4996184)",0.01,1.0,1.12,5.0,1060.0,487.0,2021-08-19 15:36:47,16.9811320754717,97.4,2
390,155,V34577981,V88337,13055,2021-08-19 15:54:28,"(52.5364901, 13.4996264)",0.01,1.0,1.33,5.01,1061.0,488.0,2021-08-19 15:36:47,16.999057492931197,97.40518962075849,2
391,156,V34577981,V88337,13055,2021-08-19 15:54:29,"(52.5365505, 13.4996356)",0.01,1.0,0.98,5.02,1062.0,489.0,2021-08-19 15:36:47,17.016949152542374,97.41035856573706,2
392,157,V34577981,V88337,13055,2021-08-19 15:54:32,"(52.536586, 13.4996414)",0.0,3.0,0.0,5.02,1065.0,489.0,2021-08-19 15:36:47,16.96901408450704,97.41035856573706,2
393,158,V34577981,V88337,13055,2021-08-19 15:54:34,"(52.5367232, 13.4996538)",0.02,2.0,3.02,5.04,1067.0,492.0,2021-08-19 15:36:47,17.00468603561387,97.61904761904762,2
394,159,V34577981,V88337,13055,2021-08-19 15:54:35,"(52.5368481, 13.4996614)",0.01,1.0,1.07,5.05,1068.0,493.0,2021-08-19 15:36:47,17.02247191011236,97.62376237623762,2
395,160,V34577981,V88337,13055,2021-08-19 15:54:39,"(52.5370778, 13.499627)",0.03,4.0,2.76,5.08,1072.0,496.0,2021-08-19 15:36:47,17.05970149253731,97.63779527559055,2
396,161,V34577981,V88337,13055,2021-08-19 15:54:42,"(52.5372501, 13.4995755)",0.02,3.0,1.96,5.1,1075.0,498.0,2021-08-19 15:36:47,17.079069767441858,97.64705882352942,2
397,162,V34577981,V88337,13055,2021-08-19 15:54:47,"(52.5373979, 13.4995036)",0.02,5.0,1.6,5.12,1080.0,500.0,2021-08-19 15:36:47,17.066666666666666,97.65625,2
398,163,V34577981,V88337,13055,2021-08-19 15:54:54,"(52.5375353, 13.4994106)",0.02,7.0,1.2,5.14,1087.0,501.0,2021-08-19 15:36:47,17.022999080036797,97.47081712062257,2
399,164,V34577981,V88337,13055,2021-08-19 15:55:03,"(52.5377147, 13.4992923)",0.02,9.0,1.02,5.16,1096.0,502.0,2021-08-19 15:36:47,16.948905109489054,97.28682170542635,2
400,165,V34577981,V88337,13055,2021-08-19 15:55:06,"(52.5377296, 13.4992767)",0.0,3.0,0.0,5.16,1099.0,502.0,2021-08-19 15:36:47,16.902638762511376,97.28682170542635,2
401,166,V34577981,V88337,13055,2021-08-19 15:55:08,"(52.537887, 13.499112)",0.02,2.0,2.16,5.18,1101.0,504.0,2021-08-19 15:36:47,16.93732970027248,97.2972972972973,2
402,167,V34577981,V88337,13055,2021-08-19 15:55:14,"(52.5381807, 13.498775)",0.04,6.0,4.4,5.22,1107.0,508.0,2021-08-19 15:36:47,16.975609756097562,97.31800766283526,2
403,168,V34577981,V88337,13055,2021-08-19 15:55:16,"(52.5382572, 13.4986544)",0.01,2.0,1.03,5.23,1109.0,509.0,2021-08-19 15:36:47,16.97745716862038,97.32313575525812,2
404,169,V34577981,V88337,13055,2021-08-19 15:55:21,"(52.5384278, 13.498676)",0.02,5.0,1.44,5.25,1114.0,510.0,2021-08-19 15:36:47,16.96588868940754,97.14285714285714,2
405,170,V34577981,V88337,13055,2021-08-19 15:55:36,"(52.5388397, 13.4988152)",0.05,15.0,2.9,5.3,1129.0,513.0,2021-08-19 15:36:47,16.89991142604074,96.79245283018868,2
406,171,V34577981,V88337,13055,2021-08-19 15:55:40,"(52.5389471, 13.4988515)",0.01,4.0,0.63,5.31,1133.0,514.0,2021-08-19 15:36:47,16.87202118270079,96.7984934086629,2
407,172,V34577981,V88337,13055,2021-08-19 15:55:47,"(52.5391034, 13.4989)",0.02,7.0,0.9,5.33,1140.0,515.0,2021-08-19 15:36:47,16.83157894736842,96.62288930581613,2
408,173,V34577981,V88337,13055,2021-08-19 15:56:08,"(52.5394352, 13.4990366)",0.04,21.0,1.72,5.37,1161.0,517.0,2021-08-19 15:36:47,16.651162790697676,96.2756052141527,2
409,174,V34577981,V88337,13055,2021-08-19 15:56:23,"(52.5396983, 13.4991449)",0.03,15.0,1.23,5.4,1176.0,518.0,2021-08-19 15:36:47,16.53061224489796,95.92592592592592,2
410,175,V34577981,V88337,13055,2021-08-19 15:56:45,"(52.5401649, 13.499328)",0.05,22.0,2.1,5.45,1198.0,520.0,2021-08-19 15:36:47,16.377295492487484,95.41284403669725,2
411,176,V34577981,V88337,13055,2021-08-19 15:57:03,"(52.5404467, 13.499439)",0.03,18.0,1.17,5.48,1216.0,521.0,2021-08-19 15:36:47,16.223684210526315,95.07299270072993,2
412,177,V34577981,V88337,13055,2021-08-19 15:57:39,"(52.5408437, 13.4996127)",0.05,36.0,2.2,5.53,1252.0,523.0,2021-08-19 15:36:47,15.900958466453673,94.57504520795659,2
413,178,V34577981,V88337,13055,2021-08-19 15:58:03,"(52.5410251, 13.499692)",0.02,24.0,0.68,5.55,1276.0,524.0,2021-08-19 15:36:47,15.658307210031348,94.41441441441442,2
414,179,V34577981,V88337,13055,2021-08-19 15:58:39,"(52.5412135, 13.499762)",0.02,36.0,0.62,5.57,1312.0,525.0,2021-08-19 15:36:47,15.283536585365853,94.25493716337522,2
415,180,V34577981,V88337,13055,2021-08-19 16:01:03,"(52.5418991, 13.5000165)",0.08,144.0,2.24,5.65,1456.0,527.0,2021-08-19 15:36:47,13.96978021978022,93.27433628318583,2
416,181,V34577981,V88337,13055,2021-08-19 16:01:12,"(52.5419423, 13.5000343)",0.0,9.0,0.0,5.65,1465.0,527.0,2021-08-19 15:36:47,13.883959044368602,93.27433628318583,2
417,182,V34577981,V88337,13055,2021-08-19 16:01:18,"(52.5422554, 13.4988484)",0.09,6.0,10.17,5.74,1471.0,537.0,2021-08-19 15:36:47,14.047586675730797,93.5540069686411,2
418,183,V34577981,V88337,13055,2021-08-19 16:01:19,"(52.5422751, 13.498772)",0.01,1.0,1.14,5.75,1472.0,538.0,2021-08-19 15:36:47,14.0625,93.56521739130434,2
419,184,V34577981,V88337,13055,2021-08-19 16:01:22,"(52.5424746, 13.4980463)",0.05,3.0,6.5,5.8,1475.0,544.0,2021-08-19 15:36:47,14.155932203389831,93.79310344827587,2
